<?xml version='1.0' encoding='UTF-8'?>
<graphml xmlns="http://graphml.graphdrawing.org/xmlns" xmlns:xsi="http://www.w3.org/2001/XMLSchema-instance" xsi:schemaLocation="http://graphml.graphdrawing.org/xmlns http://graphml.graphdrawing.org/xmlns/1.0/graphml.xsd">
  <key attr.name="directed" attr.type="boolean" for="node" id="dn7"/>
  <key attr.name="is_generalizable" attr.type="boolean" for="node" id="dn15"/>
  <key attr.name="bindlevel" attr.type="int" for="node" id="dn17"/>
  <key attr.name="description" attr.type="string" for="node" id="dn16"/>
  <key attr.name="language" attr.type="string" for="node" id="dn6"/>
  <key attr.name="version" attr.type="string" for="node" id="dn2"/>
  <key attr.name="is_weak" attr.type="boolean" for="node" id="dn13"/>
  <key attr.name="sigil" attr.type="string" for="node" id="dn8"/>
  <key attr.name="use_regular" attr.type="boolean" for="node" id="dn11"/>
  <key attr.name="hypothetical" attr.type="boolean" for="node" id="dn9"/>
  <key attr.name="name" attr.type="string" for="node" id="dn1"/>
  <key attr.name="is_public" attr.type="boolean" for="node" id="dn5"/>
  <key attr.name="id" attr.type="string" for="node" id="dn3"/>
  <key attr.name="neolabel" attr.type="string" for="node" id="dn0"/>
  <key attr.name="is_colocation" attr.type="boolean" for="node" id="dn12"/>
  <key attr.name="quotesigil" attr.type="boolean" for="node" id="dn10"/>
  <key attr.name="is_transitive" attr.type="boolean" for="node" id="dn14"/>
  <key attr.name="direction" attr.type="string" for="node" id="dn4"/>
  <key attr.name="neolabel" attr.type="string" for="edge" id="de0"/>
  <key attr.name="hypothesis" attr.type="string" for="edge" id="de1"/>
  <graph id="f7be2e61-464a-4c1f-a1b8-5825ef408d38" edgedefault="directed" parse.edgeids="canonical" parse.edges="132" parse.nodeids="canonical" parse.nodes="133" parse.order="nodesfirst">
    <node id="187302">
      <data key="dn0">[TRADITION]</data>
      <data key="dn1">Parzival artificial</data>
      <data key="dn2">3.2</data>
      <data key="dn3">f7be2e61-464a-4c1f-a1b8-5825ef408d38</data>
      <data key="dn4">LR</data>
      <data key="dn5">true</data>
      <data key="dn6">English</data>
    </node>
    <node id="187996">
      <data key="dn0">[STEMMA]</data>
      <data key="dn1">RHM 1395246646_0</data>
      <data key="dn7">false</data>
    </node>
    <node id="187978">
      <data key="dn0">[WITNESS]</data>
      <data key="dn8">p5</data>
      <data key="dn9">false</data>
      <data key="dn10">false</data>
    </node>
    <node id="187979">
      <data key="dn0">[WITNESS]</data>
      <data key="dn8">p6</data>
      <data key="dn9">false</data>
      <data key="dn10">false</data>
    </node>
    <node id="187976">
      <data key="dn0">[WITNESS]</data>
      <data key="dn8">p3</data>
      <data key="dn9">false</data>
      <data key="dn10">false</data>
    </node>
    <node id="188006">
      <data key="dn0">[WITNESS]</data>
      <data key="dn8">4</data>
      <data key="dn9">true</data>
      <data key="dn10">true</data>
    </node>
    <node id="187984">
      <data key="dn0">[WITNESS]</data>
      <data key="dn8">p12</data>
      <data key="dn9">false</data>
      <data key="dn10">false</data>
    </node>
    <node id="188005">
      <data key="dn0">[WITNESS]</data>
      <data key="dn8">3</data>
      <data key="dn9">true</data>
      <data key="dn10">true</data>
    </node>
    <node id="187982">
      <data key="dn0">[WITNESS]</data>
      <data key="dn8">p9</data>
      <data key="dn9">false</data>
      <data key="dn10">false</data>
    </node>
    <node id="187980">
      <data key="dn0">[WITNESS]</data>
      <data key="dn8">p7</data>
      <data key="dn9">false</data>
      <data key="dn10">false</data>
    </node>
    <node id="187995">
      <data key="dn0">[WITNESS]</data>
      <data key="dn8">5</data>
      <data key="dn9">true</data>
      <data key="dn10">true</data>
    </node>
    <node id="187974">
      <data key="dn0">[WITNESS]</data>
      <data key="dn8">p1</data>
      <data key="dn9">false</data>
      <data key="dn10">false</data>
    </node>
    <node id="187977">
      <data key="dn0">[WITNESS]</data>
      <data key="dn8">p4</data>
      <data key="dn9">false</data>
      <data key="dn10">false</data>
    </node>
    <node id="188007">
      <data key="dn0">[WITNESS]</data>
      <data key="dn8">5</data>
      <data key="dn9">true</data>
      <data key="dn10">true</data>
    </node>
    <node id="188008">
      <data key="dn0">[WITNESS]</data>
      <data key="dn8">6</data>
      <data key="dn9">true</data>
      <data key="dn10">true</data>
    </node>
    <node id="188009">
      <data key="dn0">[WITNESS]</data>
      <data key="dn8">7</data>
      <data key="dn9">true</data>
      <data key="dn10">true</data>
    </node>
    <node id="187988">
      <data key="dn0">[WITNESS]</data>
      <data key="dn8">p16</data>
      <data key="dn9">false</data>
      <data key="dn10">false</data>
    </node>
    <node id="188010">
      <data key="dn0">[WITNESS]</data>
      <data key="dn8">8</data>
      <data key="dn9">true</data>
      <data key="dn10">true</data>
    </node>
    <node id="187985">
      <data key="dn0">[WITNESS]</data>
      <data key="dn8">p11</data>
      <data key="dn9">false</data>
      <data key="dn10">false</data>
    </node>
    <node id="187983">
      <data key="dn0">[WITNESS]</data>
      <data key="dn8">p10</data>
      <data key="dn9">false</data>
      <data key="dn10">false</data>
    </node>
    <node id="187999">
      <data key="dn0">[WITNESS]</data>
      <data key="dn8">10</data>
      <data key="dn9">true</data>
      <data key="dn10">true</data>
    </node>
    <node id="187987">
      <data key="dn0">[WITNESS]</data>
      <data key="dn8">p13</data>
      <data key="dn9">false</data>
      <data key="dn10">false</data>
    </node>
    <node id="188011">
      <data key="dn0">[WITNESS]</data>
      <data key="dn8">9</data>
      <data key="dn9">true</data>
      <data key="dn10">true</data>
    </node>
    <node id="187989">
      <data key="dn0">[WITNESS]</data>
      <data key="dn8">p15</data>
      <data key="dn9">false</data>
      <data key="dn10">false</data>
    </node>
    <node id="187998">
      <data key="dn0">[WITNESS]</data>
      <data key="dn8">1</data>
      <data key="dn9">true</data>
      <data key="dn10">true</data>
    </node>
    <node id="188003">
      <data key="dn0">[WITNESS]</data>
      <data key="dn8">14</data>
      <data key="dn9">true</data>
      <data key="dn10">true</data>
    </node>
    <node id="188002">
      <data key="dn0">[WITNESS]</data>
      <data key="dn8">13</data>
      <data key="dn9">true</data>
      <data key="dn10">true</data>
    </node>
    <node id="187986">
      <data key="dn0">[WITNESS]</data>
      <data key="dn8">p14</data>
      <data key="dn9">false</data>
      <data key="dn10">false</data>
    </node>
    <node id="187981">
      <data key="dn0">[WITNESS]</data>
      <data key="dn8">p8</data>
      <data key="dn9">false</data>
      <data key="dn10">false</data>
    </node>
    <node id="187975">
      <data key="dn0">[WITNESS]</data>
      <data key="dn8">p2</data>
      <data key="dn9">false</data>
      <data key="dn10">false</data>
    </node>
    <node id="188001">
      <data key="dn0">[WITNESS]</data>
      <data key="dn8">12</data>
      <data key="dn9">true</data>
      <data key="dn10">true</data>
    </node>
    <node id="188004">
      <data key="dn0">[WITNESS]</data>
      <data key="dn8">2</data>
      <data key="dn9">true</data>
      <data key="dn10">true</data>
    </node>
    <node id="187997">
      <data key="dn0">[WITNESS]</data>
      <data key="dn8">0</data>
      <data key="dn9">true</data>
      <data key="dn10">true</data>
    </node>
    <node id="188000">
      <data key="dn0">[WITNESS]</data>
      <data key="dn8">11</data>
      <data key="dn9">true</data>
      <data key="dn10">true</data>
    </node>
    <node id="187990">
      <data key="dn0">[STEMMA]</data>
      <data key="dn1">stemma</data>
      <data key="dn7">true</data>
    </node>
    <node id="187991">
      <data key="dn0">[WITNESS]</data>
      <data key="dn8">1</data>
      <data key="dn9">true</data>
      <data key="dn10">true</data>
    </node>
    <node id="187993">
      <data key="dn0">[WITNESS]</data>
      <data key="dn8">3</data>
      <data key="dn9">true</data>
      <data key="dn10">true</data>
    </node>
    <node id="187994">
      <data key="dn0">[WITNESS]</data>
      <data key="dn8">4</data>
      <data key="dn9">true</data>
      <data key="dn10">true</data>
    </node>
    <node id="187992">
      <data key="dn0">[WITNESS]</data>
      <data key="dn8">2</data>
      <data key="dn9">true</data>
      <data key="dn10">true</data>
    </node>
    <node id="187966">
      <data key="dn0">[RELATION_TYPE]</data>
      <data key="dn11">true</data>
      <data key="dn12">true</data>
      <data key="dn13">false</data>
      <data key="dn14">false</data>
      <data key="dn15">false</data>
      <data key="dn1">uncertain</data>
      <data key="dn16">These readings are related, but a clear category cannot be assigned.</data>
      <data key="dn17">0</data>
    </node>
    <node id="187970">
      <data key="dn0">[RELATION_TYPE]</data>
      <data key="dn11">true</data>
      <data key="dn12">true</data>
      <data key="dn13">false</data>
      <data key="dn14">true</data>
      <data key="dn15">true</data>
      <data key="dn1">grammatical</data>
      <data key="dn16">These readings share a root (lemma), but have different parts of speech (morphologies).</data>
      <data key="dn17">2</data>
    </node>
    <node id="187972">
      <data key="dn0">[RELATION_TYPE]</data>
      <data key="dn11">true</data>
      <data key="dn12">false</data>
      <data key="dn13">false</data>
      <data key="dn14">false</data>
      <data key="dn15">true</data>
      <data key="dn1">transposition</data>
      <data key="dn16">This is the same (or nearly the same) reading in a different location.</data>
      <data key="dn17">50</data>
    </node>
    <node id="187969">
      <data key="dn0">[RELATION_TYPE]</data>
      <data key="dn11">false</data>
      <data key="dn12">true</data>
      <data key="dn13">false</data>
      <data key="dn14">true</data>
      <data key="dn15">true</data>
      <data key="dn1">orthographic</data>
      <data key="dn16">These are the same reading, neither unusually spelled.</data>
      <data key="dn17">0</data>
    </node>
    <node id="187965">
      <data key="dn0">[RELATION_TYPE]</data>
      <data key="dn11">true</data>
      <data key="dn12">true</data>
      <data key="dn13">false</data>
      <data key="dn14">true</data>
      <data key="dn15">true</data>
      <data key="dn1">spelling</data>
      <data key="dn16">These are the same reading, spelled differently.</data>
      <data key="dn17">1</data>
    </node>
    <node id="187968">
      <data key="dn0">[RELATION_TYPE]</data>
      <data key="dn11">true</data>
      <data key="dn12">true</data>
      <data key="dn13">false</data>
      <data key="dn14">true</data>
      <data key="dn15">true</data>
      <data key="dn1">punctuation</data>
      <data key="dn16">These are the same reading apart from punctuation.</data>
      <data key="dn17">0</data>
    </node>
    <node id="187967">
      <data key="dn0">[RELATION_TYPE]</data>
      <data key="dn11">true</data>
      <data key="dn12">true</data>
      <data key="dn13">false</data>
      <data key="dn14">true</data>
      <data key="dn15">true</data>
      <data key="dn1">lexical</data>
      <data key="dn16">These readings share a part of speech (morphology), but have different roots (lemmata).</data>
      <data key="dn17">2</data>
    </node>
    <node id="187964">
      <data key="dn0">[RELATION_TYPE]</data>
      <data key="dn13">false</data>
      <data key="dn14">false</data>
      <data key="dn15">false</data>
      <data key="dn11">true</data>
      <data key="dn1">other</data>
      <data key="dn16">These readings are related in a way not covered by the existing types.</data>
      <data key="dn17">0</data>
      <data key="dn12">true</data>
    </node>
    <node id="187971">
      <data key="dn0">[RELATION_TYPE]</data>
      <data key="dn11">true</data>
      <data key="dn12">false</data>
      <data key="dn13">false</data>
      <data key="dn14">false</data>
      <data key="dn15">true</data>
      <data key="dn1">repetition</data>
      <data key="dn16">This is a reading that was repeated in one or more witnesses.</data>
      <data key="dn17">50</data>
    </node>
    <node id="187973">
      <data key="dn0">[RELATION_TYPE]</data>
      <data key="dn14">true</data>
      <data key="dn15">false</data>
      <data key="dn11">true</data>
      <data key="dn16">Internal use only</data>
      <data key="dn13">true</data>
      <data key="dn1">collated</data>
      <data key="dn17">50</data>
      <data key="dn12">true</data>
    </node>
    <node id="187303">
      <data key="dn0">[SECTION]</data>
      <data key="dn1">DEFAULT</data>
    </node>
    <edge id="469933" source="187302" target="187996">
      <data key="de0">HAS_STEMMA</data>
    </edge>
    <edge id="469898" source="187996" target="187978">
      <data key="de0">HAS_WITNESS</data>
    </edge>
    <edge id="469899" source="187996" target="187979">
      <data key="de0">HAS_WITNESS</data>
    </edge>
    <edge id="469896" source="187996" target="187976">
      <data key="de0">HAS_WITNESS</data>
    </edge>
    <edge id="469881" source="187996" target="188006">
      <data key="de0">HAS_WITNESS</data>
    </edge>
    <edge id="469921" source="188006" target="187984">
      <data key="de0">TRANSMITTED</data>
      <data key="de1">RHM 1395246646_0</data>
    </edge>
    <edge id="469919" source="188006" target="188005">
      <data key="de0">TRANSMITTED</data>
      <data key="de1">RHM 1395246646_0</data>
    </edge>
    <edge id="469918" source="188005" target="187982">
      <data key="de0">TRANSMITTED</data>
      <data key="de1">RHM 1395246646_0</data>
    </edge>
    <edge id="469869" source="187982" target="187980">
      <data key="de0">TRANSMITTED</data>
      <data key="de1">stemma</data>
    </edge>
    <edge id="469865" source="187980" target="187976">
      <data key="de0">TRANSMITTED</data>
      <data key="de1">stemma</data>
    </edge>
    <edge id="469868" source="187982" target="187995">
      <data key="de0">TRANSMITTED</data>
      <data key="de1">stemma</data>
    </edge>
    <edge id="469862" source="187995" target="187974">
      <data key="de0">TRANSMITTED</data>
      <data key="de1">stemma</data>
    </edge>
    <edge id="469863" source="187995" target="187977">
      <data key="de0">TRANSMITTED</data>
      <data key="de1">stemma</data>
    </edge>
    <edge id="469920" source="188006" target="188007">
      <data key="de0">TRANSMITTED</data>
      <data key="de1">RHM 1395246646_0</data>
    </edge>
    <edge id="469922" source="188007" target="188008">
      <data key="de0">TRANSMITTED</data>
      <data key="de1">RHM 1395246646_0</data>
    </edge>
    <edge id="469925" source="188008" target="187978">
      <data key="de0">TRANSMITTED</data>
      <data key="de1">RHM 1395246646_0</data>
    </edge>
    <edge id="469924" source="188008" target="188009">
      <data key="de0">TRANSMITTED</data>
      <data key="de1">RHM 1395246646_0</data>
    </edge>
    <edge id="469926" source="188009" target="187988">
      <data key="de0">TRANSMITTED</data>
      <data key="de1">RHM 1395246646_0</data>
    </edge>
    <edge id="469923" source="188007" target="188010">
      <data key="de0">TRANSMITTED</data>
      <data key="de1">RHM 1395246646_0</data>
    </edge>
    <edge id="469927" source="188010" target="187985">
      <data key="de0">TRANSMITTED</data>
      <data key="de1">RHM 1395246646_0</data>
    </edge>
    <edge id="469888" source="187996" target="187983">
      <data key="de0">HAS_WITNESS</data>
    </edge>
    <edge id="469930" source="187983" target="188009">
      <data key="de0">TRANSMITTED</data>
      <data key="de1">RHM 1395246646_0</data>
    </edge>
    <edge id="469874" source="187996" target="187999">
      <data key="de0">HAS_WITNESS</data>
    </edge>
    <edge id="469905" source="187999" target="187987">
      <data key="de0">TRANSMITTED</data>
      <data key="de1">RHM 1395246646_0</data>
    </edge>
    <edge id="469864" source="187987" target="187984">
      <data key="de0">TRANSMITTED</data>
      <data key="de1">stemma</data>
    </edge>
    <edge id="469904" source="187999" target="188011">
      <data key="de0">TRANSMITTED</data>
      <data key="de1">RHM 1395246646_0</data>
    </edge>
    <edge id="469929" source="188011" target="187989">
      <data key="de0">TRANSMITTED</data>
      <data key="de1">RHM 1395246646_0</data>
    </edge>
    <edge id="469928" source="188011" target="187998">
      <data key="de0">TRANSMITTED</data>
      <data key="de1">RHM 1395246646_0</data>
    </edge>
    <edge id="469882" source="187996" target="188007">
      <data key="de0">HAS_WITNESS</data>
    </edge>
    <edge id="469900" source="187996" target="187980">
      <data key="de0">HAS_WITNESS</data>
    </edge>
    <edge id="469890" source="187996" target="187984">
      <data key="de0">HAS_WITNESS</data>
    </edge>
    <edge id="469884" source="187996" target="188009">
      <data key="de0">HAS_WITNESS</data>
    </edge>
    <edge id="469893" source="187996" target="187989">
      <data key="de0">HAS_WITNESS</data>
    </edge>
    <edge id="469891" source="187996" target="187987">
      <data key="de0">HAS_WITNESS</data>
    </edge>
    <edge id="469880" source="187996" target="188005">
      <data key="de0">HAS_WITNESS</data>
    </edge>
    <edge id="469878" source="187996" target="188003">
      <data key="de0">HAS_WITNESS</data>
    </edge>
    <edge id="469913" source="188003" target="187976">
      <data key="de0">TRANSMITTED</data>
      <data key="de1">RHM 1395246646_0</data>
    </edge>
    <edge id="469914" source="188003" target="187980">
      <data key="de0">TRANSMITTED</data>
      <data key="de1">RHM 1395246646_0</data>
    </edge>
    <edge id="469912" source="188003" target="188002">
      <data key="de0">TRANSMITTED</data>
      <data key="de1">RHM 1395246646_0</data>
    </edge>
    <edge id="469911" source="188002" target="187977">
      <data key="de0">TRANSMITTED</data>
      <data key="de1">RHM 1395246646_0</data>
    </edge>
    <edge id="469892" source="187996" target="187986">
      <data key="de0">HAS_WITNESS</data>
    </edge>
    <edge id="469894" source="187996" target="187988">
      <data key="de0">HAS_WITNESS</data>
    </edge>
    <edge id="469885" source="187996" target="188010">
      <data key="de0">HAS_WITNESS</data>
    </edge>
    <edge id="469901" source="187996" target="187981">
      <data key="de0">HAS_WITNESS</data>
    </edge>
    <edge id="469932" source="187981" target="188010">
      <data key="de0">TRANSMITTED</data>
      <data key="de1">RHM 1395246646_0</data>
    </edge>
    <edge id="469866" source="187981" target="187986">
      <data key="de0">TRANSMITTED</data>
      <data key="de1">stemma</data>
    </edge>
    <edge id="469867" source="187981" target="187979">
      <data key="de0">TRANSMITTED</data>
      <data key="de1">stemma</data>
    </edge>
    <edge id="469877" source="187996" target="188002">
      <data key="de0">HAS_WITNESS</data>
    </edge>
    <edge id="469895" source="187996" target="187975">
      <data key="de0">HAS_WITNESS</data>
    </edge>
    <edge id="469931" source="187975" target="187999">
      <data key="de0">TRANSMITTED</data>
      <data key="de1">RHM 1395246646_0</data>
    </edge>
    <edge id="469887" source="187996" target="187974">
      <data key="de0">HAS_WITNESS</data>
    </edge>
    <edge id="469886" source="187996" target="188011">
      <data key="de0">HAS_WITNESS</data>
    </edge>
    <edge id="469902" source="187996" target="187982">
      <data key="de0">HAS_WITNESS</data>
    </edge>
    <edge id="469876" source="187996" target="188001">
      <data key="de0">HAS_WITNESS</data>
    </edge>
    <edge id="469910" source="188001" target="187974">
      <data key="de0">TRANSMITTED</data>
      <data key="de1">RHM 1395246646_0</data>
    </edge>
    <edge id="469909" source="188001" target="188002">
      <data key="de0">TRANSMITTED</data>
      <data key="de1">RHM 1395246646_0</data>
    </edge>
    <edge id="469879" source="187996" target="188004">
      <data key="de0">HAS_WITNESS</data>
    </edge>
    <edge id="469917" source="188004" target="187986">
      <data key="de0">TRANSMITTED</data>
      <data key="de1">RHM 1395246646_0</data>
    </edge>
    <edge id="469915" source="188004" target="187998">
      <data key="de0">TRANSMITTED</data>
      <data key="de1">RHM 1395246646_0</data>
    </edge>
    <edge id="469916" source="188004" target="188005">
      <data key="de0">TRANSMITTED</data>
      <data key="de1">RHM 1395246646_0</data>
    </edge>
    <edge id="469872" source="187996" target="187997">
      <data key="de0">HAS_WITNESS</data>
    </edge>
    <edge id="469903" source="187997" target="187998">
      <data key="de0">TRANSMITTED</data>
      <data key="de1">RHM 1395246646_0</data>
    </edge>
    <edge id="469873" source="187996" target="187998">
      <data key="de0">HAS_WITNESS</data>
    </edge>
    <edge id="469875" source="187996" target="188000">
      <data key="de0">HAS_WITNESS</data>
    </edge>
    <edge id="469908" source="188000" target="187979">
      <data key="de0">TRANSMITTED</data>
      <data key="de1">RHM 1395246646_0</data>
    </edge>
    <edge id="469906" source="188000" target="187997">
      <data key="de0">TRANSMITTED</data>
      <data key="de1">RHM 1395246646_0</data>
    </edge>
    <edge id="469907" source="188000" target="188001">
      <data key="de0">TRANSMITTED</data>
      <data key="de1">RHM 1395246646_0</data>
    </edge>
    <edge id="469883" source="187996" target="188008">
      <data key="de0">HAS_WITNESS</data>
    </edge>
    <edge id="469897" source="187996" target="187977">
      <data key="de0">HAS_WITNESS</data>
    </edge>
    <edge id="469889" source="187996" target="187985">
      <data key="de0">HAS_WITNESS</data>
    </edge>
    <edge id="469871" source="187302" target="187990">
      <data key="de0">HAS_STEMMA</data>
    </edge>
    <edge id="469847" source="187990" target="187980">
      <data key="de0">HAS_WITNESS</data>
    </edge>
    <edge id="469837" source="187990" target="187984">
      <data key="de0">HAS_WITNESS</data>
    </edge>
    <edge id="469844" source="187990" target="187977">
      <data key="de0">HAS_WITNESS</data>
    </edge>
    <edge id="469829" source="187990" target="187991">
      <data key="de0">HAS_WITNESS</data>
    </edge>
    <edge id="469852" source="187991" target="187982">
      <data key="de0">TRANSMITTED</data>
      <data key="de1">stemma</data>
    </edge>
    <edge id="469851" source="187991" target="187993">
      <data key="de0">TRANSMITTED</data>
      <data key="de1">stemma</data>
    </edge>
    <edge id="469858" source="187993" target="187985">
      <data key="de0">TRANSMITTED</data>
      <data key="de1">stemma</data>
    </edge>
    <edge id="469857" source="187993" target="187994">
      <data key="de0">TRANSMITTED</data>
      <data key="de1">stemma</data>
    </edge>
    <edge id="469861" source="187994" target="187978">
      <data key="de0">TRANSMITTED</data>
      <data key="de1">stemma</data>
    </edge>
    <edge id="469860" source="187994" target="187983">
      <data key="de0">TRANSMITTED</data>
      <data key="de1">stemma</data>
    </edge>
    <edge id="469859" source="187993" target="187981">
      <data key="de0">TRANSMITTED</data>
      <data key="de1">stemma</data>
    </edge>
    <edge id="469850" source="187991" target="187992">
      <data key="de0">TRANSMITTED</data>
      <data key="de1">stemma</data>
    </edge>
    <edge id="469855" source="187992" target="187988">
      <data key="de0">TRANSMITTED</data>
      <data key="de1">stemma</data>
    </edge>
    <edge id="469856" source="187992" target="187975">
      <data key="de0">TRANSMITTED</data>
      <data key="de1">stemma</data>
    </edge>
    <edge id="469854" source="187992" target="187989">
      <data key="de0">TRANSMITTED</data>
      <data key="de1">stemma</data>
    </edge>
    <edge id="469853" source="187992" target="187987">
      <data key="de0">TRANSMITTED</data>
      <data key="de1">stemma</data>
    </edge>
    <edge id="469841" source="187990" target="187988">
      <data key="de0">HAS_WITNESS</data>
    </edge>
    <edge id="469849" source="187990" target="187982">
      <data key="de0">HAS_WITNESS</data>
    </edge>
    <edge id="469838" source="187990" target="187987">
      <data key="de0">HAS_WITNESS</data>
    </edge>
    <edge id="469839" source="187990" target="187986">
      <data key="de0">HAS_WITNESS</data>
    </edge>
    <edge id="469846" source="187990" target="187979">
      <data key="de0">HAS_WITNESS</data>
    </edge>
    <edge id="469834" source="187990" target="187974">
      <data key="de0">HAS_WITNESS</data>
    </edge>
    <edge id="469831" source="187990" target="187993">
      <data key="de0">HAS_WITNESS</data>
    </edge>
    <edge id="469830" source="187990" target="187992">
      <data key="de0">HAS_WITNESS</data>
    </edge>
    <edge id="469836" source="187990" target="187985">
      <data key="de0">HAS_WITNESS</data>
    </edge>
    <edge id="469832" source="187990" target="187994">
      <data key="de0">HAS_WITNESS</data>
    </edge>
    <edge id="469833" source="187990" target="187995">
      <data key="de0">HAS_WITNESS</data>
    </edge>
    <edge id="469835" source="187990" target="187983">
      <data key="de0">HAS_WITNESS</data>
    </edge>
    <edge id="469840" source="187990" target="187989">
      <data key="de0">HAS_WITNESS</data>
    </edge>
    <edge id="469870" source="187990" target="187991">
      <data key="de0">HAS_ARCHETYPE</data>
    </edge>
    <edge id="469845" source="187990" target="187978">
      <data key="de0">HAS_WITNESS</data>
    </edge>
    <edge id="469848" source="187990" target="187981">
      <data key="de0">HAS_WITNESS</data>
    </edge>
    <edge id="469843" source="187990" target="187976">
      <data key="de0">HAS_WITNESS</data>
    </edge>
    <edge id="469842" source="187990" target="187975">
      <data key="de0">HAS_WITNESS</data>
    </edge>
    <edge id="469828" source="187302" target="187989">
      <data key="de0">HAS_WITNESS</data>
    </edge>
    <edge id="469823" source="187302" target="187984">
      <data key="de0">HAS_WITNESS</data>
    </edge>
    <edge id="469825" source="187302" target="187986">
      <data key="de0">HAS_WITNESS</data>
    </edge>
    <edge id="469547" source="187302" target="187966">
      <data key="de0">HAS_RELATION_TYPE</data>
    </edge>
    <edge id="469588" source="187302" target="187970">
      <data key="de0">HAS_RELATION_TYPE</data>
    </edge>
    <edge id="469826" source="187302" target="187987">
      <data key="de0">HAS_WITNESS</data>
    </edge>
    <edge id="469686" source="187302" target="187972">
      <data key="de0">HAS_RELATION_TYPE</data>
    </edge>
    <edge id="469815" source="187302" target="187976">
      <data key="de0">HAS_WITNESS</data>
    </edge>
    <edge id="469820" source="187302" target="187981">
      <data key="de0">HAS_WITNESS</data>
    </edge>
    <edge id="469814" source="187302" target="187975">
      <data key="de0">HAS_WITNESS</data>
    </edge>
    <edge id="469813" source="187302" target="187974">
      <data key="de0">HAS_WITNESS</data>
    </edge>
    <edge id="469818" source="187302" target="187979">
      <data key="de0">HAS_WITNESS</data>
    </edge>
    <edge id="469819" source="187302" target="187980">
      <data key="de0">HAS_WITNESS</data>
    </edge>
    <edge id="469561" source="187302" target="187969">
      <data key="de0">HAS_RELATION_TYPE</data>
    </edge>
    <edge id="469544" source="187302" target="187965">
      <data key="de0">HAS_RELATION_TYPE</data>
    </edge>
    <edge id="469816" source="187302" target="187977">
      <data key="de0">HAS_WITNESS</data>
    </edge>
    <edge id="469824" source="187302" target="187985">
      <data key="de0">HAS_WITNESS</data>
    </edge>
    <edge id="469817" source="187302" target="187978">
      <data key="de0">HAS_WITNESS</data>
    </edge>
    <edge id="469559" source="187302" target="187968">
      <data key="de0">HAS_RELATION_TYPE</data>
    </edge>
    <edge id="469821" source="187302" target="187982">
      <data key="de0">HAS_WITNESS</data>
    </edge>
    <edge id="469554" source="187302" target="187967">
      <data key="de0">HAS_RELATION_TYPE</data>
    </edge>
    <edge id="469542" source="187302" target="187964">
      <data key="de0">HAS_RELATION_TYPE</data>
    </edge>
    <edge id="469822" source="187302" target="187983">
      <data key="de0">HAS_WITNESS</data>
    </edge>
    <edge id="469827" source="187302" target="187988">
      <data key="de0">HAS_WITNESS</data>
    </edge>
    <edge id="469670" source="187302" target="187971">
      <data key="de0">HAS_RELATION_TYPE</data>
    </edge>
    <edge id="469758" source="187302" target="187973">
      <data key="de0">HAS_RELATION_TYPE</data>
    </edge>
    <edge id="468581" source="187302" target="187303">
      <data key="de0">PART</data>
    </edge>
  </graph>
</graphml>